Date (America/Los_Angeles),Author,Comment
"2012-03-04 16:08:26","vishruth.reddy",""
"2012-03-03 21:20:20","vishruth.reddy",""
"2012-03-03 09:37:25","vishruth.reddy",""
"2012-03-03 06:14:35","vishruth.reddy",""
"2012-03-02 21:09:45","vishruth.reddy",""
"2012-03-01 14:04:58","vishruth.reddy",""
"2012-03-01 14:02:08","vishruth.reddy",""
"2012-02-19 18:12:57","vishruth.reddy",""
"2012-02-19 18:12:20","vishruth.reddy",""
"2012-02-19 16:27:11","vishruth.reddy",""
"2012-02-18 18:17:01","vishruth.reddy",""
"2012-02-16 15:51:55","brendan.cue",""
"2012-02-16 15:51:25","brendan.cue",""
